Id;Nom;Niveau;PV;Famille;Rang;ResFeu;ResEau;ResTerre;ResAir;gfx
5627;Denver;248;31499;Férociraptors;4;850;825;770;825;1114205627
5645;Membre du clan de Bworkana Dominant;248;37963;Clan de Bworkana;4;802;702;802;602;1114205645
5651;Machines de Nox Dominante;248;33012;Machines de Nox;4;605;648;605;563;1114205651
5633;Primassif Dominant;248;47454;Primassifs;4;592;635;550;592;1114205633
5639;Savanastral Dominant;248;38484;Savanastraux;4;520;620;620;720;1114205639
5011;Riktus Elite Dominant;165;4800;Riktus Elite;4;398;163;281;281;120501758
5008;Magik Riktus Dominant;105;4838;Magik Riktus;4;140;160;100;60;120501171
2125;Scara Dominant;98;2520;Scaras;4;220;220;220;380;128302125
2133;Strygidaire la Froide;98;5190;Goules;4;90;254;254;549;140502133
4281;Slekzébuth;98;2184;Sleks;4;201;201;93;318;188604281
5020;Chafer Dominant;93;2153;Chafers;4;186;186;88;292;104701363
5126;Mulou-Garou Roux Grisonnant;88;2287;Mulous;4;89;7;171;89;10553373
4389;Ju Pilaire;87;1190;Moines;4;110;110;265;265;138604389
5389;Marteau-Aigri dominant;63;917;Marteaux-Aigris;4;183;105;105;183;1110205389
4369;Craqueleur Dominant;53;1431;Craqueleurs;4;96;96;178;20;129004369
2118;Moogrron Dominant;53;554;Moogrr;4;100;100;50;25;121802118
2122;Plante Dominante;53;600;Plantes des Champs;4;120;54;54;96;101602122
5377;Forban Kahl;48;398;Équipage du poulpe;4;98;98;98;98;1109805377
5383;Mort-brûlé dominant;48;446;Morts-brûlés;4;40;120;80;120;1110005383
4764;Gligli Dominant;45;1539;Gliglis;4;100;100;100;100;100702119
4092;Tofu Dominant;23;460;;4;120;0;0;240;100104092
4378;Ogrest;230;50000000;Ogrest;3;400;400;400;400;1300060
5306;Rushu;230;60000000;Rushu;3;666;666;666;666;1108305306
3433;Nogord l'Ezarélé;200;595000;Nogord l'Ezarélé;3;350;350;350;350;143603433
4770;Ombrage;200;318750;Ombrage;3;666;666;666;666;143604770
3870;Foul Moon;185;15000;Foul Moon;3;659;578;496;578;143603870
3582;Serre d'Acier;170;80000;Serre d'Acier;3;370;370;370;370;143603582
5500;Tal Kasha;155;100000;Tal Kasha;3;600;600;600;600;109605000
2430;Dragon-Cochon;125;22000;Dragon-Cochon;3;322;322;322;322;143602430
1988;Corbeau Noir;110;8000;Corbeau Noir;3;322;322;322;322;101101150
42;Magmog le Boufrog;110;21600;Magmog le Boufrog;3;537;537;537;537;100200042
1987;Milkar le Meulou;95;12750;Milkar le Meulou;3;457;457;457;457;105501794
1986;Excarnus;80;8000;Excarnus;3;325;325;325;325;138901819
5755;Golem des Marécages Bwork;245;250000;Île des brumes;2;630;630;630;630;1114705663
5753;Golem du Cosmo-Canyon;245;250000;Île des brumes;2;630;630;630;630;1114705663
5756;Golem de la Désolation des Grouilleux;245;250000;Île des brumes;2;630;630;630;630;1114705663
5663;Golem de la Forêt Primaire;245;250000;Île des brumes;2;630;630;630;630;1114705663
5754;Golem de la Savane;245;250000;Île des brumes;2;630;630;630;630;1114705663
5378;Protopoulpe;238;191546;Équipage du poulpe;2;625;625;625;625;1109805378
5390;Protogolem;238;165596;Marteaux-Aigris;2;560;560;560;560;1110205390
5384;Protosquelette;238;175347;Morts-brûlés;2;595;595;595;595;1110005384
5100;Tanuki-Chan;200;83384;Extra Pandalousie;2;713;713;713;713;1103305100
5102;Tanukouï-San;200;250000;Extra Pandalousie;2;613;613;613;613;1103305102
5101;Yokaï Firefoux;200;353384;Extra Pandalousie;2;413;413;413;413;1103305101
3972;Croc-Môssieur, le Dandy;193;20000;Extra Île de Moon;2;500;500;500;500;181103972
3868;Gengas Kin;193;20350;Extra Île de Moon;2;439;557;321;439;179403868
3867;Hem Kokora;193;5193;Extra Île de Moon;2;504;504;442;567;179403867
5015;Capuchino l'énergisant;178;29530;Encapuchonnés;2;380;420;340;300;129401464
5012;Rictus l'expressif;178;48696;Riktus Elite;2;380;318;380;481;120501170
4357;Rib'Eri le Routourneur;178;32000;Xélots;2;375;375;375;375;169304357
5017;Rouflaket le Gentleman;178;40000;Roublards;2;468;372;372;278;197905017
4304;Soeur Soudeuse la Fondue;178;44869;Sbires de Kali;2;414;179;296;296;187204304
4853;Papapoutre le Rigide;178;40000;Patapoutres;2;120;120;120;120;134602127
4358;L'Oiseau du Temps;178;30000;Hulors;2;399;525;462;462;169204358
5480;Archéobombyx l'épicé;163;25415;Sabléoptères;2;375;415;430;395;1111905480
4782;Blopale le scintillant;163;27240;Blops Musicaux;2;250;250;250;250;137201736
3098;Disciple de Raval;163;23034;Srambad;2;467;304;386;386;163403098
5039;Zarbi l'inhabituel;163;30000;Plantalas;2;380;380;380;380;1102905039
3175;Sir Urh le Renfermé;163;23034;Enutrosor;2;320;470;390;390;163403101
2583;Wipley la Suwvivante;163;23035;Gawdes Wabbits;2;390;390;390;390;155602583
2743;Zombowabbit le putréfié;163;31831;Zwombbits;2;476;476;476;476;155202572
4269;Gris XIII;148;18000;Phorreurs;2;342;342;459;224;187404269
4372;Cêpomwé l'Innocent;148;19721;Noirespores;2;482;482;644;360;161104372
5532;Jafaw le génie;148;24000;Wabbits;2;432;432;432;432;154802563
2630;Lenaldix;148;18000;Lenalds;2;385;385;385;385;154502554
5473;Ougiptien le maudit;148;25240;Légumutants;2;656;489;656;489;1111705473
4998;Abrasif le décapant;138;24000;Abraknydes Sombres;2;400;150;400;250;104800398
4388;Alf Iguem;93;4600;Moines;2;400;400;200;200;138604388
4765;Sangria le Fruité;88;6201;Gliglis;2;97;232;156;156;100701645
5109;Abrakne Kadabrakne la Magicienne;88;8184;Araknes;2;502;200;351;351;1103805109
5127;Muligane le Défaussé;88;10412;Mulous;2;132;50;214;132;105502130
1639;Boorboopoopoo;88;7850;Booskitos;2;400;200;120;200;120001277
4370;Orrokimarou le Rampant;88;5741;Kroapules;2;240;240;240;240;173804370
4481;Ratafia le Titubant;88;6864;Rats;2;170;250;85;170;107704481
1631;Truduk le Rondouillard;88;6700;Truches;2;90;200;90;200;128801631
3701;Smisse Tigri;88;2617;Corbacs;2;216;20;98;216;120201407
4371;Bouflaquette le Chevelu;73;3773;Bouftous sauvages;2;251;88;170;170;158104371
4737;Kokoblong le Vertical;73;3200;Kokokos;2;155;105;155;255;135502116
4255;Kraken;73;4568;Molluskys;2;266;256;68;186;188104255
4752;Cwalbinos le Blafard;73;4000;Cwabes;2;110;160;160;200;177804154
4267;Requinoa;73;3982;Skouale;2;191;81;191;81;135902117
4368;Craqnoix le Gêneur;58;2443;Craqueleurs;2;114;114;190;90;129004368
5005;Rosée la matinale;58;2000;Plantes des Champs;2;260;30;150;130;101600401
1632;Moumoute la Postiche;58;2500;Moogrr;2;218;53;218;53;121801632
4022;Pâti Noir;50;2053;La Mâdrâgue;2;26;43;4;26;181704022
4098;Abribus le Protecteur;43;949;Abraknes;2;200;450;310;200;182804098
4100;Pewpew l'Artilleur;43;1115;Pious;2;200;260;310;500;101504100
4101;Griffu l'Acéré;28;630;Tofus;2;200;300;100;400;100104101
4097;Lartifice l'Explosive;28;444;Larves;2;200;100;50;300;101404097
4086;Bouchtrou l'Esseulé;28;720;Bouftous;2;300;200;400;100;100204086
5526;Bouftou céleste;8;100;Extra Incarnam;2;43;43;43;43;100201136
5527;Dark Wapin;8;100;Extra Incarnam;2;30;0;30;0;117402507
5626;Fulgurosaure;253;473275;Férociraptors;1;750;750;750;750;1114205626
5632;Imagori;253;349291;Primassifs;1;755;755;755;755;1114205632
5718;Nox;253;114252;Sbires de Nox;1;655;655;655;655;1115005718
5650;Protozortemps;253;637500;Machines de Nox;1;900;900;900;900;1114205650
5638;Timö le possédé;253;1000000;Savanastraux;1;-222;-222;-222;-222;1114205638
5644;Zulnara, cheffe de guerre;253;99424;Clan de Bworkana;1;737;637;637;737;1114205644
5295;!@#dh`~;238;275832;Égarés;1;625;625;625;625;1107905295
5283;Ar'Nan, Augure du néant;238;308365;Vidéants;1;625;625;625;625;1107505283
5289;Cratéros, Bourreau de la fin;238;420218;Démhorribles;1;625;625;625;625;1107705289
5301;K'abah'al, Gardien de la route des morts;238;293333;Ravageurs;1;655;605;655;605;1108105301
5394;Raeliss;238;308455;Poisseux abyssaux;1;630;630;530;580;1110405394
5400;Sir Comte Flex;238;278848;Steamers;1;660;660;660;660;1110605400
5589;Toross Mordal;238;250000;Nécromonde;1;722;722;722;722;1113105589
5277;Vaal'Enthia, Reine-démone;238;289245;Phytomorphes;1;645;645;645;645;1107305277
5418;Cire Momore;233;336424;Cire Momore;1;600;600;600;600;183905357
5305;Anathar;230;216273;Anathar;1;600;600;600;600;1108305305
5229;Agonie, Nécromancienne livide;223;95000;Tour Minérale : 201-215;1;400;400;400;400;193805229
5241;Casse-Cours;223;298016;Plantigardes;1;580;620;620;580;1106705241
5182;Crustacérébro;223;153952;Crustargneux;1;663;641;663;685;1106105182
5188;Bufflamboyant;223;171060;Toundrasoirs;1;726;684;641;684;1106205188
5170;Phacochemar;223;256562;Vandaliénés;1;486;529;571;529;1105905170
5176;Scorpiétineur;223;170530;Cagnardeurs;1;625;625;668;668;1106005176
5247;Sumorse;223;170530;Mansots;1;625;625;668;668;1106805247
5235;Tortumulte;223;409324;Carapattes;1;625;625;625;625;1106605235
4400;Oeuf Antique;208;850000;Dragoeufs;1;570;570;605;551;186704400
4260;Cendragon;208;75756;Ethernels;1;733;665;705;682;189004260
4318;Blérwitch le Furax;208;127500;Blérox;1;600;600;600;600;186604318
5052;Fléogre;208;425000;Fléopard;1;541;541;581;501;1103105052
5137;Granduk Hibourg;208;212500;Hibourgs;1;541;541;581;501;1104005137
4664;Agonie Coeur-Cristal;208;75000;Tour Minérale : 186-200;1;500;500;500;500;193804664
5059;Fantôme Tanukouï-San;208;170000;Fantômes de Pandala;1;500;500;500;500;1103205059
4327;Sor'Hon, Seigneur de la Flamme;208;102000;Monstres du Dor'Mor;1;450;450;450;450;190004327
5165;Aguabrial;200;170000;Extra Mont Zinit;1;500;800;500;500;137201723
5155;Comte Harebourg;200;400000;Extra Royaume Sadida;1;675;675;675;675;104702383
3879;Darkli Moon;193;36000;Extra Île de Moon;1;550;505;475;505;179403879
3866;Grozépine;193;37800;Kannivores;1;554;516;474;454;179403866
3864;Kannistère;193;33750;Kannibouls;1;550;490;500;510;179403864
3865;Koko le Nutt;193;69300;Tropikokos;1;546;588;503;546;179403865
5131;Maman Gerbouille;193;63000;Gerbouilles;1;565;535;580;565;1103905131
3971;Roi Dunîl;193;48600;Crocodailles;1;480;520;590;560;181103971
5046;Pandore;193;36000;Pandissidans;1;549;571;593;571;1103005046
4924;Javého;178;55000;Encapuchonnés;1;369;369;369;369;129402228
4217;Kali;178;37500;Sbires de Kali;1;500;500;500;500;187204217
4923;Mamapoutre;178;30200;Patapoutres;1;100;100;100;100;13482452
2018;Remington Smisse;178;100000;Roublards;1;369;369;369;369;197902018
3399;Raipiode l'Infréquençable;178;30000;Hulors;1;399;525;462;462;169203399
4538;Le Riktus Masqué;178;63696;Riktus Elite;1;420;420;501;338;120501771
3398;Vertox l'Intemporel;178;32000;Extra Xélots;1;375;375;375;375;169303398
4780;Blopgang Amadeus Blopzart;163;23034;Blops Musicaux;1;300;300;300;300;195604780
5040;Bulbrute;163;24000;Plantalas;1;408;364;386;386;1102905040
3094;Jamall'Auneth le Porte-clés;163;120000;Enutrosor;1;324;324;324;324;163603094
5478;Bombyxolite endoptérygote;163;15000;Sabléoptères;1;325;370;380;345;1111905478
2605;Gwand Wabbit GM;163;26523;Zwombbits;1;476;476;476;476;155202605
3080;Venâme le Mangelombre;163;22000;Srambad;1;362;362;362;362;162903080
2582;Wa Wabbit;163;21000;Gawdes Wabbits;1;433;433;433;433;155602582
5471;Potofeu, Grand maître culinaire;148;24103;Légumutants;1;341;505;505;423;1111705471
3048;Mihmol l'Empaleur;148;13000;Shushus Fanatiques;1;400;400;400;400;127803048
2570;Gwand Viziw Wabbit;148;19800;Wabbits;1;432;432;432;432;155202570
2556;Lin Shi, Empeleul Lenald;148;32000;Lenalds;1;432;432;432;432;154502555
4254;Fripon;148;20000;Phorreurs;1;342;342;459;224;187404254
4874;Chêne Mou;148;5000;Abraknydes Sombres;1;687;605;605;524;104804874
2977;Telob le Champmane;145;18000;Noirespores;1;266;266;266;266;161102977
4061;Dranipoch;142;12303;;1;406;196;303;196;182204061
4060;Grande Prêtresse Sydonia;141;12191;;1;431;195;313;195;182204060
3926;Vilenya;140;15000;Extras Huppermages;1;350;290;415;350;180103926
2972;Piktus;135;14000;Cacterres;1;236;236;236;236;160802972
4727;Zespadon Noir;133;17193;Pichons;1;302;388;302;388;131501696
2343;Hagën-Glass;133;16000;Craqueleurs Polaires;1;343;343;343;343;149702343
2348;Kya, Missiz Frizz;133;15500;Chafers du Nord;1;307;307;307;307;150002348
4720;Flaque Royale;133;11348;Flaqueux;1;504;461;504;547;122602272
4231;Smarillion;133;12434;Smares;1;281;281;238;324;187704231
2827;Spectrex le Tourmenteur;133;12000;Shushus Tourmentés;1;280;280;280;280;127802827
2354;Sylargh;130;14950;Mékas;1;522;522;522;522;150402354
1345;Empereur Gelax;123;12000;Gelées;1;375;375;375;375;1300035
2100;Maître Chuchoku;120;14300;Chuchoteurs;1;293;293;293;293;145102100
2469;Bilby Queen;118;7000;Bilbyboys;1;263;263;263;263;153302469
2363;Lady Glagla;118;10250;Glaglas;1;221;221;221;221;150702363
2710;Mégathon;118;4215;Super-vilains;1;157;277;187;187;153902710
2709;Kralaman;118;5875;Super-vilains;1;188;188;188;188;153902709
2714;Lardevil;118;5645;Super-vilains;1;250;190;300;190;153902714
4520;Chapo Magik;118;18756;Magik Riktus;1;143;25;-92;143;120504520
2708;Merkator;118;5213;Super-vilains;1;316;316;316;316;153902708
2368;Yech'Ti'Wawa;118;10000;Mulmouth;1;263;263;263;263;151002368
4739;Chaferfu, roi Chafer;103;7750;Chafers;1;280;280;280;280;104701707
2443;El Pochito;103;5753;Académie Trool;1;304;69;187;187;152602443
1786;Nonne;103;4750;Moines;1;347;347;347;347;138601786
2464;Bilbymoule Nacrée;103;8000;Bilbyplage;1;216;334;98;216;152802464
4251;Reine Slek;103;9000;Sleks;1;334;188;334;188;140001837
4913;Scarador;103;7250;Scaras;1;5000;5000;5000;5000;128301738
3735;Viktoria-France Kenstein;103;5000;Croques-Miteux;1;350;350;350;350;177103735
1836;Vampyro;95;6666;Extra Goule;1;355;215;235;385;140501836
5107;Veuve Noire;88;7041;Araknes;1;295;295;377;214;1103805107
5114;Lune Géante;88;7041;Mulous;1;377;214;377;214;105501792
4871;Hongrue, Haute Truche;88;5868;Truches;1;284;49;49;284;128802273
4763;Gligli Royal;88;5281;Gliglis;1;248;85;166;166;100701727
4918;Tsar Tsu Tsu;88;7041;Booskitos;1;330;248;166;248;100601278
3587;Grand Orrok;85;6750;Kroapules;1;150;150;150;150;173803587
2313;Ratachouille;84;8241;Rats;1;195;410;110;195;107702313
3696;Korbot K-800;80;5662;Corbacs;1;205;205;123;286;173603696
3707;Kroac-Gyver;80;40000;L'Atelier Abandonné;1;250;250;250;250;177003707
5417;Cire Momore;73;4223;Cire Momore;1;550;550;550;550;183905357
5388;Goël le golem;73;4223;Marteaux-Aigris;1;303;189;303;189;1110205388
4240;Kralaboss;73;4013;Molluskys;1;256;246;58;176;122102178
4731;Grokokolantha;73;2725;Kokokos;1;198;383;240;240;135501703
4754;Cwabe Royal;73;3400;Cwabes;1;200;160;200;110;132602285
4244;Royal Skouale;73;3612;Skouale;1;181;71;181;71;135902197
5451;Crapaud Eenca;71;644;Miss Moches;1;155;155;120;120;1111105451
5449;Crapaud Lela;71;773;Miss Moches;1;164;164;200;200;1111105449
5453;Crapaud Ydalipe;71;644;Miss Moches;1;150;120;150;120;1111105453
5452;Crapaud Erpel;71;580;Miss Moches;1;105;140;105;140;1111105452
5446;Eenca;71;1288;Miss Moches;1;186;186;144;144;1111105446
5445;Lela;71;1545;Miss Moches;1;197;197;240;240;1111105445
5448;Ydalipe;71;1288;Miss Moches;1;180;144;180;144;1111105448
5447;Erpel;71;1159;Miss Moches;1;126;168;126;168;1111105447
2774;Throll;70;3924;Bworks;1;49;89;89;220;158402774
2768;Grand Bouftou Sauvage;65;3610;Bouftous sauvages;1;200;77;123;123;158102768
1726;Plante Carnivore;58;1700;Plantes des Champs;1;10;130;250;130;101601726
5416;Cire Momore;58;2623;Cire Momore;1;500;500;500;500;183905357
5382;Hark Saniss, Dernier géant;58;2500;Morts-brûlés;1;170;220;220;120;1110005382
5376;Pohl le poulpe;58;1985;Équipage du poulpe;1;160;160;100;100;1109805376
4519;Craqueleur Royal;58;1876;Craqueleurs;1;120;100;140;80;129002198
4758;Moogrr Royale;58;2290;Moogrr;1;168;83;126;126;121802271
4651;Agonie la Déterrée;58;2998;Tour Minérale : 36-50;1;60;60;60;60;193804651
4054;Kroutânkharton;45;2200;Mékan-0;1;145;80;263;145;177704054
3216;Morfor;43;1226;Squelettes;1;320;140;320;320;158102793
1187;Piou Royal;43;1115;Pious;1;200;260;310;500;101501187
4107;Abraknelle;43;1568;Abraknes;1;-80;0;100;0;182804107
4021;Château de Sâble;39;366;La Mâdrâgue;1;22;-1;40;22;115600987
3893;Khan Karkass;35;1120;;1;73;73;73;73;112903893
44;Bouftou Royal;28;720;Bouftous;1;300;200;400;100;100200044
1259;Tofu Royal;28;630;Tofus;1;200;300;100;400;100100050
2157;Shin Larve;28;444;Larves;1;200;100;50;300;101402157
3780;Contremaître Baxtock Sterman;20;220;Culte d'Ogrest;1;105;40;60;40;178603778
4012;Olavrann l'Externel;5;40;Extra Embryâmes;1;0;0;0;0;181404012
4195;Mimic Domestique;245;1;Mimics;;0;0;0;0;101100834
4194;Mimic Fragmenté;245;1;Mimics;;0;0;0;0;101100834
4189;Mimic Runique;245;1;Mimics;;0;0;0;0;101100834
4196;Mimic Sucré;245;1;Mimics;;0;0;0;0;101100834
5641;Mama Bwork;243;22855;Clan de Bworkana;;702;702;802;802;1114205641
5635;Mâle luné;243;22855;Savanastraux;;620;520;720;720;1114205635
5625;Avalodon;243;22594;Férociraptors;;850;978;978;978;1114205625
5647;Noxus IV;242;22855;Machines de Nox;;605;648;605;563;1114205647
5631;Rhinocéroc;242;33303;Primassifs;;739;697;654;654;1114205631
5636;Astrompe;239;26282;Savanastraux;;755;555;655;555;1114205636
5642;Big Mama Bwork;239;26282;Clan de Bworkana;;802;702;802;602;1114205642
5716;Frisco;239;22917;Sbires de Nox;;650;600;600;730;1115005716
5715;Marama;239;26067;Sbires de Nox;;750;750;850;680;1115005715
5624;Nabuchodonosaur;239;20810;Férociraptors;;873;812;812;770;1114205624
5649;Noxelanste;239;22143;Machines de Nox;;639;597;554;554;1114205649
5717;Tartufo;239;30813;Sbires de Nox;;780;660;660;720;1115005717
5629;Teralonyx;239;27444;Primassifs;;705;748;705;663;1114205629
5637;Chimère veilleuse;237;26643;Savanastraux;;520;620;620;720;1114205637
5648;Noxilte;237;26282;Machines de Nox;;492;535;450;492;1114205648
5643;Vieillarde Bwork;237;26643;Clan de Bworkana;;697;697;697;697;1114205643
5630;Terronite;237;32853;Primassifs;;592;635;550;592;1114205630
5623;Vélociraptueur;237;21807;Férociraptors;;850;825;770;825;1114205623
5392;Cogneur abyssal;228;18809;Poisseux abyssaux;;650;650;730;680;1110405392
5286;Sangsure;228;20641;Démhorribles;;705;748;705;663;1107705286
5280;Echinoidéant;228;22855;Vidéants;;705;748;705;663;1107505280
5398;Artilleur d'élite;228;22172;Steamers;;610;610;610;610;1110605398
5298;Glouto;228;20931;Ravageurs;;705;748;705;663;1108105298
5274;Méristhaine;228;22855;Phytomorphes;;732;647;689;689;1107305274
5292;Réman'hante;228;19749;Égarés;;675;728;675;622;1107905292
5393;Assassirène;224;22109;Poisseux abyssaux;;555;720;555;490;1110405393
5293;Ésrevni;224;22502;Égarés;;539;497;454;497;1107905293
5275;Champidiable;224;18420;Phytomorphes;;597;640;554;597;1107305275
5287;Rapace dépeceur;224;20909;Démhorribles;;639;597;554;597;1107705287
5299;Druidre;224;18390;Ravageurs;;639;597;554;597;1108105299
5281;Inanite;224;26282;Vidéants;;492;535;450;492;1107505281
5399;Unité stasificatrice;224;16707;Steamers;;750;750;750;750;1110605399
5294;CeEvroaint;222;26643;Égarés;;492;535;450;492;1107905294
5282;Chrysavide;222;26643;Vidéants;;639;597;554;554;1107505282
5288;Condamnateur;222;24429;Démhorribles;;492;535;450;492;1107705288
5391;Petit-poisseux;222;18291;Poisseux abyssaux;;570;570;570;570;1110405391
5300;Maître des ténèbres;222;19443;Ravageurs;;492;535;450;492;1108105300
5397;Mékano;222;19491;Steamers;;650;650;650;650;1110605397
5276;Virescent;222;19392;Phytomorphes;;545;502;545;587;1107305276
5167;Boiseux;213;19288;Vandaliénés;;469;511;426;469;1105905167
5173;Castorbital;213;16943;Cagnardeurs;;683;768;725;725;1106005173
5232;Dragonorrhée;213;16943;Carapattes;;705;748;705;663;1106605232
5238;Oursonge;213;16943;Plantigardes;;725;725;768;683;1106705238
5244;Manchômage;213;18921;Mansots;;623;728;685;685;1106805244
5180;Pincision;213;12425;Crustargneux;;932;850;850;768;1106105180
5185;Tigris;213;33548;Toundrasoirs;;431;431;521;521;1106205185
5228;Agathank;210;15615;Tour Minérale : 201-215;;456;541;499;499;193805228
5227;Emeraldin;210;15615;Tour Minérale : 201-215;;417;417;460;374;193805227
5226;Jadarme;210;14453;Tour Minérale : 201-215;;437;351;394;394;193805226
5169;Assassinge;209;16202;Vandaliénés;;455;412;455;498;1105905169
5233;Caméléhombre;209;16202;Carapattes;;639;597;554;597;1106605233
5245;Manchopine;209;23603;Mansots;;619;534;577;577;1106805245
5181;Pinsulaire;209;16502;Crustargneux;;460;502;545;502;1106105181
5174;Tatourbillon;209;21603;Cagnardeurs;;639;597;554;597;1106005174
5239;Boursouflé;209;21603;Plantigardes;;554;639;554;639;1106705239
5186;Loupin;209;18003;Toundrasoirs;;600;558;515;558;1106205186
5175;Carabajoie;207;15922;Cagnardeurs;;462;505;462;420;1106005175
5246;Manchot Kola;207;15922;Mansots;;412;465;412;465;1106805246
5179;Cwabotteur;207;32405;Crustargneux;;415;458;372;415;1106105179
5240;Koung Fours;207;19106;Plantigardes;;545;462;590;545;1106705240
5187;Renard Valo;207;15922;Toundrasoirs;;462;505;548;505;1106205187
5234;Torturbulent;207;21603;Carapattes;;492;535;450;492;1106605234
5168;Uto-pic;207;19299;Vandaliénés;;645;602;602;559;1105905168
4796;Destructeur;200;12361;Ombrage;;474;346;430;430;143604796
4795;Cracheur Volant;200;11238;Ombrage;;413;413;456;370;143604795
4791;Ombre d'Ombrage;200;100000;Ombrage;;666;666;666;666;143604791
5099;Soiffard;200;15000;Extra Pandalousie;;440;440;440;440;1103305099
5047;Fléroce;198;16335;Fléopard;;610;529;447;529;1103105047
5135;Mage Hibourg;198;16335;Hibourgs;;529;447;529;610;1104005135
5053;Fantôme Pandit;198;14702;Fantômes de Pandala;;563;481;400;481;1103205053
4257;Schistérique;198;16224;Ethernels;;596;596;668;494;189004257
4209;Dragoeuf à la coque;198;10692;Dragoeufs;;812;722;812;722;186704209
4663;Agathank;195;11615;Tour Minérale : 186-200;;456;541;499;499;193804663
4204;Blérage;195;11290;Blérox;;420;338;502;420;186604204
4203;Fouirox;195;12544;Blérox;;338;420;420;502;186604203
4205;Blérours;195;13938;Blérox;;467;549;386;467;186604205
4324;Bolrag du Dor'Mor;195;15331;Monstres du Dor'Mor;;467;386;549;467;190004324
4662;Emeraldin;195;11615;Tour Minérale : 186-200;;417;417;460;374;193804662
4325;Gulnaz du Dor'Mor;195;13938;Monstres du Dor'Mor;;592;510;510;428;190004325
4661;Jadarme;195;10453;Tour Minérale : 186-200;;437;351;394;394;193804661
4326;War'Hg Magmatique;195;12544;Monstres du Dor'Mor;;444;444;363;526;190004326
4188;Dragonnet Prismatique;195;2000;Nogord l'Ezarélé;;500;500;500;500;143604167
5048;Flémard;194;13925;Fléopard;;547;384;547;384;1103105048
4210;Dragoeuf Guerrier;194;17403;Dragoeufs;;330;401;248;330;186704210
5134;Minibourg;194;55700;Hibourgs;;331;413;494;413;1104005134
5136;Gentibourg;194;14181;Hibourgs;;552;471;389;471;1104005136
5054;Fantôme Pandule;194;15756;Fantômes de Pandala;;330;401;248;330;1103205054
4259;Sulfurie;194;11200;Ethernels;;503;426;348;426;189004259
4258;Ammaniaque;192;12600;Ethernels;;372;422;422;533;189004258
5049;Flétide;192;18567;Fléopard;;513;676;513;676;1103105049
4208;Dragoeu'r;192;14066;Dragoeufs;;443;361;523;443;186704208
5055;Fantôme Tanuki-Chan;192;15472;Fantômes de Pandala;;433;523;433;523;1103205055
5056;Fantôme Yokaï;192;18567;Fantômes de Pandala;;594;513;676;594;1103205056
4167;Dragonnet Féroce;190;9555;Nogord l'Ezarélé;;450;450;450;450;143604167
4168;Dragonnet Vivace;190;8784;Nogord l'Ezarélé;;400;400;400;400;143604168
4317;Roc Froid;188;1;Ethernels;;0;0;0;0;189004317
4316;Roc Chaud;188;1;Ethernels;;0;0;0;0;189004316
5130;Pépé Gerbouille;183;8628;Gerbouilles;;450;408;493;450;1103905130
3855;Kanniboul Lymi;183;8472;Kannibouls;;398;571;398;571;179403855
3859;Kokolérik;183;7060;Tropikokos;;398;316;480;398;179403859
3969;Eventreur Dunîl;183;7060;Crocodailles;;304;385;304;222;181103969
5042;Pandit;183;10354;Pandissidans;;552;426;426;556;1103005042
3861;Phéromane;183;7844;Kannivores;;351;433;269;351;179403861
5129;Gerbouille;179;7766;Gerbouilles;;304;346;304;261;1103905129
3856;Kanniboul Ette;179;6798;Kannibouls;;423;341;341;260;179403856
3860;Kokolosse;179;8158;Tropikokos;;552;389;470;470;179403860
3970;Shaman Dunîl;179;7554;Crocodailles;;433;351;269;351;181103970
5041;Pandikaze;179;11965;Pandissidans;;599;517;517;436;1103005041
3863;Tropiliane;179;6118;Kannivores;;213;294;294;423;179403863
2016;Brise-Tibias;178;9783;Roublards;;530;530;530;530;122401234
5128;Bébé Gerbouille;177;9971;Gerbouilles;;565;523;480;523;1103905128
3862;Dionatrape;177;8893;Kannivores;;547;384;547;384;179403862
3968;Chasseur Dunîl;177;6670;Crocodailles;;232;314;395;314;181103968
5043;Pandou;177;9783;Pandissidans;;473;410;473;536;1103005043
3858;Psykoko;177;6003;Tropikokos;;264;337;337;418;179403858
3857;Kanniboul Voodoo;177;6670;Kannibouls;;314;232;395;314;179403857
3396;Laps;168;6113;Xélots;;293;175;293;410;169303396
2014;Roublard Tiste;168;6792;Roublards;;405;363;320;363;120201407
4922;Patapattes;168;7910;Patapoutres;;350;350;490;490;13482453
3394;Syclick;168;6724;Hulors;;500;382;382;265;169203394
4216;Ensaigneur;166;5545;Sbires de Kali;;290;408;408;525;187204216
4214;Soeur Zerker;166;8186;Sbires de Kali;;296;61;179;179;187204214
4215;Tankoeur;166;6054;Sbires de Kali;;490;490;607;372;187204215
4534;Elitir;165;6271;Riktus Elite;;284;166;48;166;120501768
4536;Elitendard;165;13316;Riktus Elite;;-1;-119;-1;117;120501767
4535;Epélite;165;3800;Riktus Elite;;163;398;281;281;120501766
4767;Assassin Encapuchonné;165;5701;Encapuchonnés;;252;342;252;342;40
4768;Mage Encapuchonné;165;3420;Encapuchonnés;;587;505;505;423;129401464
4769;Protecteur Encapuchonné;165;12542;Encapuchonnés;;328;246;165;246;10
4537;Magilite;165;5701;Riktus Elite;;52;169;52;-66;120501769
4344;Fouirox Blessé;165;3850;Sbires de Kali;;233;332;467;332;186604203
3397;Grorlog;164;8617;Xélots;;270;505;270;505;169303397
3393;Lairdavan;164;11750;Hulors;;253;253;172;378;169203393
4921;Patator;164;5640;Patapoutres;;349;225;349;225;13482454
3395;Orda Gova;162;6398;Xélots;;419;301;301;184;169303395
3392;Poz;162;6398;Hulors;;301;220;383;301;169203392
2015;Roublard Alard Amasse;162;6334;Roublards;;184;301;301;419;120201408
2013;Blar le Roux;162;5288;Roublards;;476;358;358;241;120201409
4920;Patapikot;162;5750;Patapoutres;;370;370;255;255;13482455
5502;Pyramide élémentaire;155;8282;Tal Kasha;;650;650;650;650;109605002
3178;Kamarameçonnage;155;2250;Temple Enutrosor;;200;200;262;162;163603093
5501;Rykaon;155;8282;Tal Kasha;;650;650;650;650;109605001
2607;Gwand Pa Zwombbit Bandé;153;6326;Zwombbits;;171;281;423;281;155202607
5037;Bulbambou;153;6419;Plantalas;;409;409;246;246;1102905037
4779;Blop Tambourrin;153;4930;Blops Musicaux;;219;219;219;219;195604779
3093;Kamarachnide;153;5586;Enutrosor;;294;294;445;144;163603093
5476;Scaravageur;153;7450;Sabléoptères;;500;430;500;430;1111905476
3079;Sramva;153;5307;Srambad;;132;433;283;283;162903079
2577;Tiwallieuw Wabbit;153;5352;Gawdes Wabbits;;157;257;257;357;155602577
3179;Enutrojan;152;2100;Temple Enutrosor;;285;185;225;225;163603092
3078;Apothicaire Macchabrant;151;4572;Srambad;;374;72;223;223;162903078
3092;Enutroffre-Fort;151;7223;Enutrosor;;567;265;416;416;163603092
2578;Chevaliew Wabbit;151;5896;Gawdes Wabbits;;415;264;113;264;155602578
2608;Wo Zwombbit;151;7253;Zwombbits;;348;348;197;499;155202608
2580;Wobot;151;6155;Gawdes Wabbits;;318;167;469;318;155602580
2581;Wobot en Chef;151;12300;Gawdes Wabbits;;356;356;356;356;155602581
3531;Sbire de l'Eminence;150;1200;Gameplay Planque Explorancienne;;290;172;407;290;163403122
3530;Sbire de l'Eminence;150;1200;Gameplay Planque Explorancienne;;290;172;407;290;163403122
3508;Eclaireur de l'Eminence;150;1200;;;290;172;407;290;163403122
3519;Méga Krosmo;150;60000;Temple Inglorium;;380;380;380;380;150403101
3517;Krosmoglob de Sécurité;150;4250;Temple Inglorium;;420;420;420;420;159303071
3516;Krosmoglob de Sécurité;150;4250;Temple Inglorium;;420;420;420;420;159303071
3518;Krosmogolem de Sécurité;150;30000;Temple Inglorium;;380;380;380;380;150403518
3514;Krosmoglob Désynchronisé;150;10000;Temple Inglorium;;420;420;420;420;159303514
3515;Krosmogolem Désynchronisé;150;30000;Temple Inglorium;;0;0;0;0;150403515
4778;Blop Dylan;149;5596;Blops Musicaux;;271;271;271;271;195604778
2604;Wabbit Tados;149;6120;Zwombbits;;304;455;304;154;155202604
5035;Bulbiflore;149;5036;Plantalas;;271;189;271;352;1102905035
5475;Mantueuse;149;7300;Sabléoptères;;363;290;290;363;1111905475
3077;Dresseur Longuelames;149;4429;Srambad;;216;216;366;65;162903077
3091;Chevalancier;149;4668;Enutrosor;;77;378;227;227;163603091
3180;Chevalancier de Troa;149;1950;Temple Enutrosor;;135;235;175;175;163603091
3090;Malozaure;147;5655;Enutrosor;;320;320;170;471;163603090
2606;Ti Wabbit Tados;147;5586;Zwombbits;;435;144;234;234;155202606
5036;Bulbuisson;147;10846;Plantalas;;213;213;295;132;1102905036
3076;Bulldague Nain;147;5362;Srambad;;309;309;158;459;162903076
4777;Blop Flûtiste;147;4279;Blops Musicaux;;462;462;462;462;195604777
5477;Pillheurt;147;5600;Sabléoptères;;270;270;319;340;1111905477
2579;Gawde Wabbit;147;6024;Gawdes Wabbits;;268;419;268;118;155602579
3141;Malowouaire;146;1800;Temple Enutrosor;;175;175;135;235;163603090
3144;Archer d'Ombre;140;1;Ombre;;0;0;0;0;90
3147;Soigneur d'Ombre;140;1;Ombre;;0;0;0;0;70
3145;Motivateur d'Ombre;140;1;Ombre;;0;0;0;0;10
3146;Protecteur d'Ombre;140;1;Ombre;;0;0;0;0;10
3143;Guerrier d'Ombre;140;1;Ombre;;0;0;0;0;80
4886;Abraknyde Ancestral;138;7467;Abraknydes Sombres;;400;150;400;250;104804886
2568;Gwand Pa Wabbit;138;4456;Wabbits;;395;122;267;267;155202568
3050;Hexaku;138;5645;Shushus Fanatiques;;335;445;215;335;127803050
4062;Mamie Lésime;138;5043;Viticultistes;;227;302;227;419;182204062
2552;Vieux Lenald;138;4898;Lenalds;;235;235;235;435;154502552
4222;Phorreur Entraîné;138;4851;Phorreurs;;250;367;250;367;187404222
5474;Cawotte Zombie;138;6310;Légumutants;;456;289;456;289;1111705474
4063;Papy Crate;136;6243;Viticultistes;;287;519;287;412;182204063
2550;Lenald Juniol;136;4154;Lenalds;;364;164;164;164;154502550
5469;Zarmaïs;136;5055;Légumutants;;428;402;267;388;1111705469
2567;Wo Wabbit;136;5960;Wabbits;;412;412;512;269;155202567
2988;Cêpolourpode Ecrasant;134;5737;Noirespores;;374;374;525;223;161102988
4887;Tronknyde Sombre;134;4009;Abraknydes Sombres;;88;188;288;188;104804887
5468;Poirrocculte;134;4855;Légumutants;;301;446;338;446;1111705468
2551;Lenald;134;4868;Lenalds;;325;325;425;225;154502551
4221;Phorreur Domestique;134;5164;Phorreurs;;322;204;322;439;187404221
4064;Serprieuse;134;4802;Viticultistes;;201;327;201;422;182204064
3043;Victus;134;4350;Shushus Fanatiques;;165;380;270;270;127803043
2566;Wabbit;134;4575;Wabbits;;275;275;460;125;155202566
2553;Glonald;132;5456;Lenalds;;330;555;330;330;154502553
4888;Abraknyde Sombre;132;4298;Abraknydes Sombres;;331;231;231;131;104804888
5470;Mégalo-Gnon;132;3480;Légumutants;;268;365;293;365;1111705470
2565;Ti Wabbit;132;4150;Wabbits;;140;235;475;235;155202565
3051;Tsubo;132;3725;Shushus Fanatiques;;320;200;80;200;127803051
4223;Bébé Phorreur;132;3608;Phorreurs;;353;235;118;235;102200145
2973;Haploïde Sporulateur;131;4535;Noirespores;;134;436;285;285;161102973
2347;Traqueur du Nord;129;4222;Chafers du Nord;;228;111;346;228;150002347
2974;Amionite Bicéphaloïde;128;4298;Noirespores;;278;278;127;429;161102974
2561;Black Wo Wabbit;128;4450;Ecosystème Black Wabbit;;280;470;125;280;154802561
5544;Fan le Radi;128;4000;Légumutants;;349;349;349;349;1111705544
5543;Kaviar l'Aubergine;128;4000;Légumutants;;355;355;550;180;1111705543
2562;Black Gwand Pa Wabbit;125;3880;Ecosystème Black Wabbit;;270;270;445;120;154802562
2975;Coulemellanche Sauteur;125;4071;Noirespores;;422;120;271;271;161102975
4889;Léviathon;125;30000;Pichons;;278;393;278;326;177804172
2342;Crarte d'Or;123;3920;Craqueleurs Polaires;;441;441;559;324;149702342
4717;Chef Flaqueux;123;3630;Flaqueux;;210;210;92;327;122602278
2971;Cactoblong;123;3925;Cacterres;;266;266;417;115;160802971
4724;Sergent Poiscaille;123;4560;Pichons;;338;338;381;296;131501553
4229;Gros Smare;123;4300;Smares;;425;261;425;261;187704229
2560;Black Wabbit;122;3550;Ecosystème Black Wabbit;;115;245;245;425;154802560
2970;Pampactus;121;3026;Cacterres;;161;312;161;11;160802970
2559;Black Ti Wabbit;120;2820;Ecosystème Black Wabbit;;350;40;195;195;154802559
2353;Mékazerker;120;3110;Mékas;;210;210;405;60;150402353
2969;Cactiflore;119;3920;Cacterres;;442;140;291;291;160802969
2341;Craktite;119;2680;Craqueleurs Polaires;;327;445;210;327;149702341
4725;Don Rascaillès;119;2978;Pichons;;267;224;224;182;131501555
4719;Mama Flaqueuse;119;2978;Flaqueux;;177;295;177;60;122602280
2344;Brute du Nord;119;3120;Chafers du Nord;;87;322;205;205;150002344
2345;Garde du Nord;119;4160;Chafers du Nord;;404;287;287;169;150002345
3008;Ocushus;119;4050;Shushus Tourmentés;;425;305;305;205;127802787
2340;Crakeurn Polaire;119;3078;Craqueleurs Polaires;;228;463;335;335;149702340
4230;Smare Couatique;119;3120;Smares;;350;232;232;114;187704230
4723;Zespadon;119;3440;Pichons;;205;290;247;247;131501554
4726;Bernardo dé la Carpett;117;3248;Pichons;;243;200;243;285;131501556
2339;Crakmite;117;2558;Craqueleurs Polaires;;176;441;293;293;149702339
2352;Mékanistro;117;2635;Mékas;;155;340;155;30;150402352
2968;Tartanque;117;3120;Cacterres;;205;54;356;205;160802968
2346;Archer du Nord;117;2680;Chafers du Nord;;177;177;60;295;150002346
4718;Guerrier Flaqueux;117;3789;Flaqueux;;207;324;442;324;122602279
3007;Musclaure;117;2950;Shushus Tourmentés;;140;265;40;140;127802792
3009;Shusharde;117;3350;Shushus Tourmentés;;120;230;230;345;127802785
4228;Smarmot;117;2680;Smares;;70;150;150;230;187704228
2967;Scorpique;115;2978;Cacterres;;49;351;200;200;160802967
2351;Mékarbac;114;2480;Mékas;;100;245;245;405;150402351
4716;Ti' Flaqueux;113;1000;Flaqueux;;100;100;100;100;122602281
2350;Mékabra;110;2720;Mékas;;415;80;250;250;150402350
2084;Grand Craqueleur Chuchoté;108;3480;Chuchoteurs;;308;308;308;308;145102084
2367;Mulmouth Enragé;108;2015;Mulmouth;;155;155;330;10;151002367
2074;Chuchoteurs Fantassins;108;2288;Chuchoteurs;;174;174;292;57;145102074
2361;Glagla Froidacier;108;2517;Glaglas;;9;127;127;245;150702361
1169;Malocac;105;2345;Magik Riktus;;275;158;158;40;120501169
1166;Maluss;105;1727;Magik Riktus;;-7;228;111;111;120501166
1168;Malobouc;105;3838;Magik Riktus;;58;15;100;58;120501168
1167;Malopo;105;2111;Magik Riktus;;135;135;17;252;120501167
2465;Bilbyboy Framboise;104;1776;Bilbyboys;;188;306;71;188;10
1339;Gelée Framboise;104;2350;Gelées;;169;287;52;169;126001339
2366;Mulmoune;104;1920;Mulmouth;;350;50;200;200;151002366
2360;Glagla;104;2301;Glaglas;;165;246;83;165;150702360
2365;Cormoune;104;1730;Mulmouth;;50;185;185;375;151002365
2362;Glagla Cornegivre;104;2761;Glaglas;;246;129;364;246;150702362
2468;Bilbygirl Citron;104;2301;Bilbyboys;;94;212;212;330;11
1358;Gelée Citron;104;2647;Gelées;;5;122;122;240;126001358
2466;Bilbygirl Menthe;104;1922;Bilbyboys;;196;196;313;78;11
1340;Gelée Menthe;104;3176;Gelées;;169;169;287;52;126001340
2076;Chuchoteur Porte-Etendard;104;1620;Chuchoteurs;;38;163;38;163;145102076
2467;Bilbyboy Fraise;104;2078;Bilbyboys;;320;85;203;203;10
1341;Gelée Fraise;104;2305;Gelées;;240;5;122;122;126001341
2078;Craqueleur Chuchoté;104;2301;Chuchoteurs;;255;255;255;255;145102078
2359;Glaglawi;102;1772;Glaglas;;219;137;137;55;150702359
2364;Corbamouth;102;1350;Mulmouth;;90;240;-45;90;151002364
2075;Chuchoteurs Arbalétriers;102;1864;Chuchoteurs;;235;118;0;0;145102075
2083;Craqueboule Chuchoté;102;2185;Chuchoteurs;;208;208;208;208;145102083
2088;Le Sussoteur;100;2500;Extra Chuchoteurs;;0;0;0;0;145102088
1750;Chafalfer l'Optimiste;95;12151;Chafers;;273;273;390;155;104701750
4911;Scaramel;95;1640;Scaras;;115;115;260;115;128401431
2461;Requin Moularteau;93;2228;Bilbyplage;;225;343;108;225;152802461
4741;Chafer Elite;93;1729;Chafers;;179;69;179;304;104701364
4882;Chafer Elite de la Mine;93;1729;Chafers de la Mine;;186;186;69;304;104704882
3732;Aplâtissier;93;1618;Croques-Miteux;;289;289;289;289;177103732
1779;Gros Nambourg;93;1335;Moines;;400;400;200;200;138601779
1828;Gouloutony;93;2518;Goules;;225;225;410;105;140501828
4246;Magislek;93;1824;Sleks;;191;191;73;308;140001811
2440;Troolk Hoogan;93;1900;Académie Trool;;202;202;319;84;133501896
4909;Scaraboss;90;1900;Scaras;;215;215;215;400;128401429
1825;Chauffe-Souris Dodue;89;1888;Goules;;20;155;155;320;140501825
4740;Chafer Archer;89;1396;Chafers;;154;36;271;154;104701366
3734;Gargrouilleur;89;1335;Croques-Miteux;;95;95;212;-23;177103734
1827;Goule;89;1355;Goules;;110;110;260;-35;140501827
1777;Raymond Garden;89;1140;Moines;;115;260;115;260;138601777
4881;Chafer Archer de la Mine;89;1396;Chafers de la Mine;;154;36;271;154;104704881
2460;El Moulstacho;89;1706;Bilbyplage;;129;247;59;129;152802460
4250;Tête de Slek;89;300;Sleks;;134;17;205;134;140001820
4247;Long Brick;89;1474;Sleks;;134;17;205;134;140001810
2441;The Undertroolker;89;1348;Académie Trool;;120;210;210;120;133501897
2463;Ver Moulé Vorace;89;1802;Bilbyplage;;306;71;188;188;152802463
2462;Ver Moulé Immature;87;1621;Bilbyplage;;229;-6;111;111;152802462
1829;Chauffe-Souris;87;1255;Goules;;-55;65;65;215;140501829
4742;Chafer Lancier;87;1684;Chafers;;384;266;266;149;104701355
3733;Gore-Gone;87;1213;Croques-Miteux;;118;47;118;118;177103733
4248;Crasslek;87;1801;Sleks;;329;258;258;184;140001809
4883;Chafer Lancier de la Mine;87;1684;Chafers de la Mine;;384;266;266;149;104704883
2442;Rey Mystroolrio;87;1640;Académie Trool;;118;118;118;235;133501898
1778;Grimm Beurguen;87;1190;Moines;;110;110;265;265;138601778
4912;Scarabruni;85;1350;Scaras;;210;120;210;120;128401432
4245;Mini Slek;81;1000;Sleks;;150;150;150;150;140001808
4910;Scarafon;81;1250;Scaras;;100;100;100;100;128401430
5115;Lune;80;100;Mulous;;150;150;150;150;105501456
4249;Oeuf Slek;80;400;Sleks;;50;50;50;50;140001839
4762;Gligli Agressif;78;1119;Gliglis;;22;104;104;185;100700054
4917;Sangsuce Tsu Tsu;78;1132;Booskitos;;104;22;104;185;100600901
5112;Muloune;78;1132;Mulous;;232;151;151;69;105501434
3571;Krocky;78;1121;Kroapules;;146;146;209;84;173803571
5105;Arakne Majeure;78;1019;Araknes;;304;222;304;385;1103805105
4869;Truchemuche;78;1359;Truches;;115;232;232;115;128801447
3708;Araknoméka;75;25000;L'Atelier Abandonné;;100;100;100;100;177003708
3713;Chauffe-Souris;75;30000;L'Atelier Abandonné;;275;275;275;275;140501825
3611;Corbac Chef;75;1166;;;153;153;2;304;106400636
1155;Corbac Chef;75;1166;Corbacs;;153;153;2;304;106400636
3709;Korbot K-200;75;20000;L'Atelier Abandonné;;300;300;300;300;173603696
4915;Gros Boo;74;1204;Booskitos;;58;293;293;58;120001132
1790;Ratgnagna;74;1484;Rats;;100;260;-25;100;102801790
5111;Mulou;74;1987;Mulous;;2;84;166;84;105501433
4761;Glaie;74;1003;Gliglis;;141;223;60;141;100700058
5104;Arakne Poilue;74;1324;Araknes;;505;423;341;341;1103805104
3568;Kroamagnon;74;1204;Kroapules;;223;223;160;286;173803568
5110;Petite Arakne;74;1132;Araknes;;0;0;0;0;103600280
4868;Truchon;74;542;Truches;;436;201;319;319;128801446
3609;Corbic;72;853;;;46;197;-105;46;106400568
1153;Corbic;72;853;Corbacs;;46;197;-105;46;106400568
3573;Korbelle;72;943;Kroapules;;199;74;137;137;173803573
5113;Milimulou;72;849;Mulous;;132;50;214;132;105501435
5106;Arakne Mineure;72;943;Araknes;;337;418;255;337;1103805106
4916;Moskito;72;849;Booskitos;;184;-51;66;66;100601070
4766;Prespic;72;849;Gliglis;;195;114;114;32;123301263
1789;Rat'Os;72;1426;Rats;;100;295;100;295;102801789
4867;Truche;72;1146;Truches;;179;179;297;62;128802291
1787;Ratchitik;70;1284;Rats;;125;290;125;290;107700210
3595;Malocac;70;2000;Landes de Kelba;;50;50;50;50;120501758
3597;Malobouc;70;2000;Landes de Kelba;;50;50;50;50;120501756
3596;Malopo;70;2000;Landes de Kelba;;50;50;50;50;120501760
3711;Porteur de Caisse;70;1;Landes de Kelba;;0;0;0;0;173803568
3712;Porteur de Caisse;70;1;Landes de Kelba;;0;0;0;0;173603712
3612;Corbac;69;778;;;-112;39;39;190;106400562
1152;Corbac;69;778;Corbacs;;-112;39;39;190;106400562
4760;Marcassinet;68;797;Gliglis;;59;-22;59;138;100700052
3614;Malocac;65;800;;;50;50;50;50;120501758
3615;Malobouc;65;800;;;50;50;50;50;120501756
3613;Malopo;65;800;;;50;50;50;50;120501760
3610;Corbacassin;65;731;;;-117;34;34;185;106400565
1784;Corbacassin;65;731;Corbacs;;-117;34;34;185;106400565
5450;Armoire;65;472;Miss Moches;;20;35;60;35;1111105450
5457;Gobgob;65;350;;;120;120;120;120;100501620
5481;Lela;65;1;Miss Moches;;0;0;0;0;1111105445
4750;Père Cwabtor;64;900;Cwabes;;180;140;140;230;132601584
5387;Bouclihash;63;904;Marteaux-Aigris;;265;182;265;182;1110205387
4728;Grokoko;63;634;Kokokos;;68;68;111;25;135501688
4238;Kaskargo;63;904;Molluskys;;284;125;284;125;188104238
4243;Skouale Lancier;63;814;Skouale;;345;55;202;202;135901694
2773;Cybwork;61;1004;Bworks;;68;68;184;31;158402773
4751;Salbatroce;60;590;Cwabes;;130;45;90;90;132901597
4140;Gankr;60;2722;Culte d'Ogrest;;191;191;191;191;178603773
2772;Guerrier Bwork;59;889;Bworks;;60;60;163;27;158402772
4237;Dark Moule;59;658;Molluskys;;122;29;192;122;188104237
4242;Skouale Marteau;59;553;Skouale;;59;206;59;206;188304242
5385;Marthos;59;706;Marteaux-Aigris;;183;105;105;183;1110205385
4729;Kokoko;59;614;Kokokos;;106;149;63;106;135501687
5386;Parrapuits;57;756;Marteaux-Aigris;;66;165;111;66;1110205386
2771;Bomber Bwork;57;765;Bworks;;135;22;49;49;158402771
4239;Kralamour;57;423;Molluskys;;-59;176;97;97;188104239
4241;Skoualinou;57;498;Skouale;;201;83;83;-35;135901692
4730;Tikoko;57;572;Kokokos;;59;101;101;144;135501686
2770;Mineur Bwork;55;799;Bworks;;52;52;142;24;158402770
4749;Cwalbator;55;470;Cwabes;;90;90;45;135;132601585
4319;Gallerie;55;60;Phorreurs;;75;20;100;75;102201284
2764;Chef de Guerre Sauvage;55;911;Bouftous sauvages;;147;25;54;25;158102764
2767;Boufton sauvage;54;677;Bouftous sauvages;;50;50;50;136;158102767
2766;Boufette Chamane;52;635;Bouftous sauvages;;46;127;21;46;158102766
4748;Surimi;51;350;Cwabes;;0;90;90;0;132601583
4033;Clone du Pâti Noir;50;400;La Mâdrâgue;;26;43;4;26;181704022
2765;Bouftou Sauvage;50;795;Bouftous sauvages;;43;43;117;20;158102765
3566;Malocac;49;363;Landes de Kelba;;-25;-25;-25;-25;120501169
4510;Craqueleur Ancestral;48;480;Craqueleurs;;80;49;100;70;129001793
4878;Craqueleur de la Mine Ancestral;48;480;Craqueleurs des Mines;;80;49;100;70;129004878
94;Pissenlit Diabolique;48;320;Plantes des Champs;;128;112;76;144;101600094
1274;Tournesol Eclatant;48;260;Plantes des Champs;;-50;100;100;25;101601274
4757;Moogrr;48;312;Moogrr;;123;80;166;123;121801221
5375;Bataillard des mers;48;407;Équipage du poulpe;;183;183;183;183;1109805375
5381;Défunéraire;48;345;Morts-brûlés;;40;120;80;120;1110005381
3567;Malobouc;46;400;Landes de Kelba;;0;0;0;0;120501168
4650;Agathank;45;305;Tour Minérale : 36-50;;40;120;40;-40;193804650
4843;Plante Contaminée;45;350;Quête Plantes;;0;0;0;0;101601274
1636;Pissdane l'Insipide;45;833;Plantes des Champs;;117;117;161;53;101601636
4649;Emeraldin;45;360;Tour Minérale : 36-50;;40;-40;120;40;193804649
4648;Jadarme;45;247;Tour Minérale : 36-50;;40;40;-40;120;193804648
4252;Prisonnier Slek;45;480;Sleks;;35;35;45;30;140001824
5379;Bwork brûlé;44;554;Morts-brûlés;;100;25;100;25;1110005379
4511;Craqueleur;44;372;Craqueleurs;;48;60;100;80;129001452
4544;Rose Ténébreuse;44;280;Plantes des Champs;;133;90;112;48;101600144
95;Rose Démoniaque;44;280;Plantes des Champs;;133;90;112;48;101600095
5380;Nimbrasier;44;405;Morts-brûlés;;139;66;66;139;1110005380
4879;Craqueleur de la Mine;44;372;Craqueleurs des Mines;;48;60;100;80;129004879
4756;Moogrron;44;405;Moogrr;;109;66;66;23;121801220
5373;Soeur de la côte;44;306;Équipage du poulpe;;98;98;98;98;1109805373
1275;Glouton Epineux;44;360;Plantes des Champs;;98;156;182;144;101601275
3565;Malopo;43;316;Landes de Kelba;;-15;-15;-15;-15;120501167
5374;Flibustier d'Asse;42;287;Équipage du poulpe;;75;75;75;75;1109805374
4512;Craqueboule;42;308;Craqueleurs;;45;50;75;65;129001451
135;Pissenlion;42;387;Plantes des Champs;;104;19;61;61;101600135
4880;Craqueboule de la Mine;42;308;Craqueleurs des Mines;;45;50;75;65;129004880
4755;Moomouche;42;287;Moogrr;;66;66;23;109;100500980
4052;Crokdurr d'attaque;36;120;Mékan-0;;70;70;70;70;177704052
4020;Pâti Impériâl;36;289;La Mâdrâgue;;17;-9;36;17;115600968
4049;Mékan-0;36;250;Mékan-0;;100;100;100;100;177704049
4053;Mékan-0 Momidifé;36;300;Mékan-0;;140;140;140;140;177704053
4051;Garde Momihypnotisé;36;250;Bworkass;;0;-70;130;130;177704051
4050;Sergent Momihypnotisé;36;330;Bworkass;;104;-14;200;220;177704050
1359;Blii Framboise;35;300;Gelées;;103;220;-15;103;126001359
4046;Garde;35;250;Bworkass;;100;-70;130;130;177704046
1360;Blii Citron;35;300;Gelées;;-1;117;117;234;126001360
1362;Blii Menthe;35;300;Gelées;;124;124;241;6;126001362
4055;Momie de sable;35;5;Mékan-0;;0;0;0;0;177704055
1361;Blii Fraise;35;300;Gelées;;227;-8;110;110;126001361
4048;Crokdurr dressé;35;110;Mékan-0;;60;60;60;60;177704048
272;Pioulette;34;177;Pious;;200;200;200;200;101500272
4019;Pâti Bulleur;33;230;La Mâdrâgue;;2;-28;24;2;100500867
4076;Abraknyde;33;174;Abraknes;;0;140;400;260;182804076
4018;Mimi Pâti;31;188;La Mâdrâgue;;-11;-44;15;-11;100500868
1267;Gugu Bleu;30;153;Pious;;200;500;0;300;101500782
88;Piou Bleu;30;153;Pious;;200;500;0;300;101500088
1269;Gugu Vert;30;153;Pious;;300;200;500;0;101500781
90;Piou Vert;30;153;Pious;;300;200;500;0;101500090
1270;Gugu Violet;30;153;Pious;;0;300;200;500;101500783
271;Piou Violet;30;153;Pious;;0;300;200;500;101500271
1268;Gugu Rouge;30;153;Pious;;500;0;300;200;101500780
87;Piou Rouge;30;153;Pious;;500;0;300;200;101500087
3215;Garde Squelette;30;185;Squelettes;;240;0;140;340;165303215
4047;Garde mal réveillé;30;150;Bworkass;;70;-70;90;90;177704047
4078;Arakne Brodeuse;29;155;Abraknes;;260;200;120;380;182804078
4077;Abragland;27;140;Abraknes;;0;400;260;140;182804077
3214;Bouftou Squelette;26;138;Squelettes;;360;-40;240;100;100201533
4079;Arakne;23;90;Abraknes;;340;100;160;240;182804079
3212;Rat Squelette;23;96;Squelettes;;240;0;120;360;102800927
123;Larve Bleue;18;70;Larves;;-100;0;0;0;101400123
3;Chef de Guerre Bouftou;18;150;Bouftous;;0;0;240;120;100200003
125;Larve Verte;18;50;Larves;;0;0;0;-100;101400125
124;Larve Orange;18;70;Larves;;0;-100;0;0;101400124
785;Larve Violette;18;70;Larves;;0;0;-100;0;101400785
704;Ventritofu;18;110;Tofus;;120;0;0;240;100100704
735;Larve Blanche;18;20;Larves;;0;0;0;0;101400735
3774;Grouillard;16;75;Culte d'Ogrest;;5;5;50;20;178603774
3644;Mama Wapin;15;100;Pwak;;200;300;100;100;117402505
41;Boufette;14;64;Bouftous;;0;120;240;0;100200041
5;Tofoune;14;70;Tofus;;0;120;0;240;100100005
1724;Bouftou Ballotin;12;54;Sain Ballotin;;120;0;240;0;100201511
1;Bouftou;12;54;Bouftous;;120;0;240;0;100200001
4212;Bouftou Patraque;12;54;Fin Patraque;;120;0;240;0;100201511
4;Tofu;12;46;Tofus;;0;0;120;240;100100004
3646;Wapin;12;84;Pwak;;180;100;280;180;117402504
1816;Maine Cooyne;10;89;Chachas;;20;20;20;20;117601816
5313;Shusharde;10;104;Shukrute;;190;190;190;190;127802785
3645;Ti Wapin;10;66;Pwak;;240;100;100;40;117402506
2598;Chacha Angora;8;27;Chachas;;0;200;200;0;117602598
6;Bébé Tofu;8;24;Tofus;;60;60;60;240;100100006
2;Boufton Noir;8;21;Bouftous;;60;60;240;60;100200002
5456;Mama Wapin;8;12;Wapins;;0;0;0;0;117402505
39;Boufton Blanc;8;21;Bouftous;;60;60;240;60;100200039
2616;Chacha;6;20;Chachas;;0;0;200;200;108900833
2617;Chacha Blanc;6;20;Chachas;;200;200;0;0;117601209
5455;Wapin;6;10;Wapins;;0;0;0;0;117402504
2819;Larve Nourricière;5;100;Larves;;9;9;0;40;1014002819
4013;Âme Altérée;4;15;Embryâmes;;0;0;0;0;181404013
4014;Bouftou Stasifié;3;18;Embryâmes;;0;0;0;0;181404014
4015;Tofu Corrompu;2;9;Embryâmes;;0;0;0;0;181404015
5315;Capt'chat;1;10000;;;0;0;0;0;119403072
5314;Capt'chat;1;10000;;;0;0;0;0;119403072
5103;Tombe;1;1;Extra Chafers;;0;0;0;0;119401152
5745;Noxine;1;25000;Machines de Nox;;0;0;0;0;189504394
4539;Larme d'Ogrest;1;9999;Ogrest;;0;0;0;0;143604539
5465;Crapaud Mufle;1;1;;;0;0;0;0;104000326
5525;Wapin;1;12;Wapins;;0;0;0;0;117402504
