Nom;NiveauDebloque;CoutPA;CoutPm;CoutPW;Element;Type;Portée;Ligne de vue;Description;Effets;Dommage lvl1;Dommage lvl1 critique;Dommage lvl245;Dommage lvl245 critique;Usages;Id;MaxParCible;Cooldown;wpCostAB;iconId;AreaAB
Flux d'énergie;;2;0;0;feu;zone;1-4;oui;Il s'agit d'un des sorts propres à l'Huppermage. Il inflige des dommages aux ennemis et peut leur appliquer un malus de Parade s'il porte la bonne rune. Les alliés peuvent gagner des Coups critiques.;Dommage : 65 : -10 % Parade : 10 % Coup critique : La zone devient;2;2;65;81;3;5562;0;0;0;5562;monocible
Disque luminescent;;2;0;0;feu;monocible;1-5;oui;Il s'agit d'un sort propre à l'Huppermage. D'un revers de la main, L'Huppermage envoie un disque sur la cible pour lui infliger des dommages. S'il possède exactement 3 runes à ce moment-là, la cible subira des dommages supplémentaires de dos pendant 1 tour.;Dommage : 60 Si a exactement 3 runes : - La cible subit 10 % de dommages supplémentaire dans le dos (1 tour) - Consomme toutes les runes;2;2;60;76;3;5571;2;0;0;5571;monocible
Résonance;;4;0;0;feu;zone;1-3;oui;Il s'agit d'un des sorts propres à l'Huppermage. Il tend la main et une onde de choc se propage en cône devant lui. Des effets supplémentaires sont joués selon les runes possédées par l'Huppermage.;Dommage : 121 : La zone devient : Le sort coûte 1 PA de moins : Les dommages passent sous l'Armure : Le sort ne possède plus de ligne de vue Le sort coûte 25 BQ supplémentaires par rune possédée;4;5;121;152;3;5561;0;0;0;5561;monocible
Lueur de l'aube;;2;0;0;feu;monocible;1-4;oui;Il s'agit d'un des sorts propres à l'Huppermage. Il crée une boule de feu mineure et l'envoie sur la cible, qui subira des dommages supplémentaires dans l'élément de la dernière rune générée.;Dommage : 65 Si a : À la fin du tour du : - La cible subit 10 % de dommages supplémentaire dans l'élément de la dernière rune générée (1 tour) - Consomme;2;2;65;82;4;5563;2;0;0;5563;monocible
Rayon crépusculaire;;4;0;0;feu;monocible;1-5;oui;Il s'agit d'un des sorts propres à l'Huppermage. Le Rayon Crépusculaire inflige des dommages Lumière de manière souple. Si l'Huppermage possède une Rune Feu, les dommages dépendront de sa jauge de BQ restante.;Dommage : 131 Si a : - 0.5% Dommages supplémentaires par %BQ restante - Consomme;4;5;131;164;;5591;2;0;0;5591;monocible
Averse;;2;0;0;eau;zone;1-5;oui;Il s'agit du sort « Goutte » qu'il a emprunté à la classe Féca. L'Huppermage crée une bulle d'eau, la soulève et l'envoie sur sa cible pour la soigner si c'est un allié et lui infliger des dommages si c'est un ennemi.;Dommage : 55 Soin : 30 À chaque lancer du sort : - Répète ses effets sur les cibles précédentes;2;2;55;69;4;5564;2;0;0;5564;monocible
Débâcle;;2;0;0;eau;monocible;1-3;oui;Il s'agit du sort « Epuration » qu'il a emprunté à la classe Enutrof. L'Huppermage matérialise une pelle qui tombe sur la cible et inflige des dommages aux ennemis. SI l'Huppermage possède la rune eau, la cible devient transparente pendant 1 tour : elle ne bloque plus les lignes de vue.;Dommage : 70 Soin : 38 Si a : - Transparent (Niv. 1) - Consomme;2;2;70;88;2;5565;0;0;0;5565;monocible
Flèche de lumière;;6;0;0;eau;zone;2-5;oui;Il s'agit du sort « Flèche Destructrice » qu'il a emprunté à la classe Crâ. L'Huppermage brandit une flèche de lumière majestueuse, qu'il envoie percuter sa cible de plein fouet. Le sort possède des effets supplémentaires selon la dernière Rune générée.;Dommage : 317 Effet supplémentaire selon la dernière rune générée : : La zone d'effet devient (3) : Le sort coûte 1 PA de moins : -3 652 Armure avant d'infliger les dommages : Le sort n'a plus de restriction de lancer en ligne;9;11;317;394;1;5594;0;2;0;5594;monocible
Vestige;;2;0;0;eau;zone;2-4;oui;Il s'agit du sort « Horloge » qu'il a emprunté à la classe Xélor. L'Huppermage invoque une Horloge au-dessus de la cible, qui la foudroie. Les ennemis dans la zone perdent des dommages infligés, tandis que les alliés en gagnent.;Dommage : 70 Soin : 38 : 10 % Dommages infligés (1 tour) : -10 % Dommages infligés (1 tour) : La zone passe en (1) Doit cibler un combattant ou un Feu-Follet;2;2;70;88;2;5566;0;0;0;5566;zone
Larmes scintillantes;;3;0;0;eau;monocible;1-4;oui;Il s'agit du sort « Larme du Sadida » qu'il a emprunté à la classe Sadida. Une énorme larme de lumière tombe sur la cible pour lui infliger des dommages si c'est un ennemi et la soigner si c'est un allié. Si l'Huppermage possède une Rune Eau, il se soigne en même temps.;Dommage : 98 Soin : 53 Si a : - Soin : 53 - Consomme;3;3;98;123;3;5593;2;0;0;5593;monocible
Éboulement;;2;0;0;terre;monocible;1-3;oui;Il s'agit du sort « Roknocerok » qu'il a emprunté à la classe Iop. D'un geste rapide, l'Huppermage invoque des cailloux qui tombent sur la cible et lui infligent des dommages. La cible subira également des retraits selon les runes possédées par l'Huppermage.;Dommage : 65 : Double la valeur des retraits : -1 PA : -1 PM;2;2;65;82;3;5567;2;0;0;5567;monocible
Faille;;2;0;0;terre;monocible;1-3;oui;Il s'agit d'un des sorts propres à l'Huppermage. Le sort permet de générer une armure sur l'Huppermage tout en donnant de l'armure à un allié ou en infligeant des dommages à un ennemi.;Dommage : 60 799 Armure 799 Armure Si a : - L'armure est doublée - Consomme;2;2;60;76;3;5569;2;0;0;6400;monocible
Faisceau de lune;;4;0;0;terre;zone;1-1;oui;Il s'agit d'un des sorts propres à l'Huppermage. Il joint les deux mains pour projeter un faisceau lumineux ravageur. Le rayon se propage horizontalement sur les Feu follet.;Dommage : 131 Si un Feu-Follet est dans la zone : - Les dommages sont propagés dessus en (5) Si a : - 20 % vie volée et convertie en Armure - Consomme;4;5;131;164;2;5597;0;0;0;5597;monocible
Feuillure;;2;0;0;terre;monocible;1-1;oui;Il s'agit du sort « Pelle Sismique » qu'il a emprunté à la classe Enutrof. L'Huppermage inflige des dommages aux ennemis face à lui et leur retire des PM. Il gagne un bonus de Volonté la durée du sort selon le nombre de runes possédées.;Dommage : 60 -2 PM +10 Volonté par rune possédée pour la durée du sort;2;2;60;76;2;5568;0;0;0;5568;monocible
Épée de lumière;;2;0;0;terre;monocible;1-1;oui;Il s'agit d'une technique empruntée à un Iop. L'Huppermage dégaine magistralement son épée de lumière et assène un coup, infligeant des dégâts en cône devant lui. Il vole une partie des dégâts infligés, dépendant du nombre de Runes portées.;Deux fois : Dommage : 51 - Par Rune : Vole 30 % des Dommages infligés;2;2;51;63;2;5595;0;0;0;5595;zone
Papillons diurnes;;2;0;0;air;monocible;1-4;oui;Il s'agit du sort « Ailes de Scarafeuille » qu'il a emprunté à la classe Osamodas. Il écarte les bras comme pour battre des ailes puis, en joignant les mains, concentre cette force sur sa cible, pour lui voler de la maîtrise air tout en lui infligeant des dégâts et la déplaçant.;Dommage : 65 : Double la valeur des déplacements : Attire de 1 case : Pousse de 1 case;2;2;65;82;4;5570;3;0;0;5570;monocible
Ombres dansantes;;2;0;0;air;monocible;1-4;oui;Il s'agit d'une technique empruntée à un Sram. L'Huppermage crée un tourbillon de vents qui entourent la cible et la téléportent plus loin.;Dommage : 60 Téléporte la cible 2 cases plus loin Si possède exactement 2 Runes : - Téléporte la cible 4 cases plus loin - Consomme toutes les Runes;2;2;60;76;3;5572;2;0;0;5572;monocible
Orbes luisants;;3;0;0;air;zone;1-4;oui;Il s'agit d'un des sorts propres à l'Huppermage. Il crée un Orbe Luisant dans chaque main puis les projete successivement sur sa cible, infligeant deux lignes de dommages aux ennemis et de soin aux alliés. La zone d'impact est étendue lorsque le sort est lancé sur son propre Feu-Follet.;Deux fois : Dommage : 63 Deux fois : Soin : 35 Si lancé sur Feu-Follet la zone devient (1) Abondance (+10 Niv.) par Rune possédée;2;3;63;79;3;5590;2;0;0;5590;monocible
Mirage;;2;0;0;air;monocible;1-3;oui;Il s'agit du sort « Assaut » qu'il a emprunté à la classe Sacrieur. L'Huppermage échange de position avec sa cible, lui infligeant des dommages si c'est un ennemi. Si l'Huppermage possède une Rune air, la portée de ce sort est modifiée.;Echange de position Dommage : 60 Si a : - La portée min et max du sort augmente de 3 - Consomme;2;2;60;76;3;5596;0;0;0;5596;monocible
Halo Chatoyant;;2;0;0;air;zone;1-4;oui;Il s'agit du sort « Marque Itsade » qu'il a emprunté à la classe Eniripsa. L'Huppermage pose une Marque sur la cible. Si l'Huppermage relance le sort sur une cible marquée, la marque explose en zone et fait exploser les autres marques qu'elle touche. S'il possède une Rune Air, la marque posée se déclenche instantanément. La marque ne peut pas être posée sur une invocation.;Halo Chatoyant (Niv. 98) Si la cible meurt ou est de nouveau ciblée par Halo Chatoyant : - Dommage : 98 - Déclenche les autres Halo Chatoyant dans la zone - La marque est consommée Si a : - La marque se déclenche instantanément - Consomme;3;3;98;123;3;5592;1;0;0;5592;zone
